{
  "wtMap": {
    "bianca": [
      {
        "uid": 80,
        "recordedM4list": [
          1.2145905955134013,
          0.0,
          0.0,
          0.0,
          0.0,
          1.2145905955134013,
          0.0,
          0.0,
          0.0,
          0.0,
          1.0874684738991784,
          0.0,
          -30.339787311219848,
          -92.70709567901717,
          0.0,
          1.0
        ],
        "recordedScale": 1.0874684738991784,
        "recordedTranslatePCX": -0.061416573504493616,
        "recordedTranslatePCY": -0.18766618558505502,
        "wwName": "bianca",
        "targetLocalPosLeftPc": 0.4346646501253681,
        "targetLocalPosTopPc": 0.7399740512148996,
        "btnLocalTopPc": 1.1214574898785425,
        "btnLocalLeftPc": 0.5323886639676113,
        "calloutTopPc": 0.6956967213114754,
        "calloutLeftPc": 0.23160535117056857,
        "showBtn": true,
        "calloutWidth": 300.0,
        "calloutHeight": 85.0,
        "calloutDurationMs": 1500,
        "calloutColorValue": 4294967295,
        "calloutText": null,
        "fontFamily": "OpenSans",
        "fontSize": 24.0,
        "fontWeight": 3,
        "italic": false,
        "letterSpacing": 1.0,
        "letterHeight": 1.0,
        "textColorValue": 4279060385,
        "textAlignment": "c",
        "arrowType": 1,
        "animateArrow": false
      }
    ],
    "cats": [
      {
        "uid": 27,
        "recordedM4list": [
          4.142043652356256,
          0.0,
          0.0,
          0.0,
          -0.0,
          4.142043652356256,
          0.0,
          0.0,
          0.0,
          0.0,
          1.0,
          0.0,
          -35.47196157971309,
          -718.8785292125566,
          0.0,
          1.0
        ],
        "recordedScale": 4.142043652356256,
        "recordedTranslatePCX": -0.03278836039080419,
        "recordedTranslatePCY": -1.5230477313825352,
        "wwName": "cats",
        "targetLocalPosLeftPc": 0.12692235946984262,
        "targetLocalPosTopPc": 0.4566852388445665,
        "btnLocalTopPc": 0.8620163690476189,
        "btnLocalLeftPc": 0.07346367829574094,
        "calloutTopPc": 0.10450659131068238,
        "calloutLeftPc": 0.03347095505062082,
        "showBtn": true,
        "calloutWidth": 300.0,
        "calloutHeight": 85.0,
        "calloutDurationMs": 1500,
        "calloutColorValue": 4294961979,
        "calloutText": "top cat",
        "fontFamily": "OpenSansExtraBold",
        "fontSize": 61.04166666666667,
        "fontWeight": 3,
        "italic": false,
        "letterSpacing": 1.0,
        "letterHeight": 1.0,
        "textColorValue": 4288423856,
        "textAlignment": "c",
        "arrowType": 0,
        "animateArrow": false
      },
      {
        "uid": 26,
        "recordedM4list": [
          2.667010834465815,
          0.0,
          0.0,
          0.0,
          -0.0,
          2.667010834465815,
          0.0,
          0.0,
          0.0,
          0.0,
          1.0,
          0.0,
          -180.3488419569766,
          -481.49963239811905,
          0.0,
          1.0
        ],
        "recordedScale": 2.667010834465815,
        "recordedTranslatePCX": -0.1667047031741109,
        "recordedTranslatePCY": -1.0201263398265235,
        "wwName": "cats",
        "targetLocalPosLeftPc": 0.24170124640478655,
        "targetLocalPosTopPc": 0.5315752228513894,
        "btnLocalTopPc": 0.8626866046846351,
        "btnLocalLeftPc": 0.19049120734634306,
        "calloutTopPc": 0.02977908909625887,
        "calloutLeftPc": 0.4838217416444482,
        "showBtn": true,
        "calloutWidth": 203.18408203125,
        "calloutHeight": 141.0,
        "calloutDurationMs": 1500,
        "calloutColorValue": 4294940672,
        "calloutText": "fancy\nfancy",
        "fontFamily": "OpenSansExtraBold",
        "fontSize": 51.66666666666667,
        "fontWeight": 3,
        "italic": false,
        "letterSpacing": 1.0,
        "letterHeight": 1.0,
        "textColorValue": 4294967295,
        "textAlignment": "c",
        "arrowType": 0,
        "animateArrow": false
      },
      {
        "uid": 57,
        "recordedM4list": [
          4.10991461621348,
          0.0,
          0.0,
          0.0,
          -0.0,
          4.10991461621348,
          0.0,
          0.0,
          0.0,
          0.0,
          1.0,
          0.0,
          -1108.0233176261672,
          -1000.7903921098781,
          0.0,
          1.0
        ],
        "recordedScale": 4.10991461621348,
        "recordedTranslatePCX": -1.0241967526407973,
        "recordedTranslatePCY": -2.1203186273514367,
        "wwName": "cats",
        "targetLocalPosLeftPc": 0.31960127483901263,
        "targetLocalPosTopPc": 0.5158481673843983,
        "btnLocalTopPc": 0.859375,
        "btnLocalLeftPc": 0.2980769230769231,
        "calloutTopPc": 0.07280221667042214,
        "calloutLeftPc": 0.04540672338671363,
        "showBtn": true,
        "calloutWidth": 300.0,
        "calloutHeight": 104.0,
        "calloutDurationMs": 1500,
        "calloutColorValue": 4279060385,
        "calloutText": "benny",
        "fontFamily": "OpenSansExtraBold",
        "fontSize": 67.5,
        "fontWeight": 3,
        "italic": false,
        "letterSpacing": 1.0,
        "letterHeight": 1.0,
        "textColorValue": 4294763756,
        "textAlignment": "c",
        "arrowType": 0,
        "animateArrow": false
      },
      {
        "uid": 68,
        "recordedM4list": [
          3.4923299731047606,
          0.0,
          0.0,
          0.0,
          -0.0,
          3.4923299731047606,
          0.0,
          0.0,
          0.0,
          0.0,
          1.0,
          0.0,
          -1081.0075533523132,
          -750.4963619263046,
          0.0,
          1.0
        ],
        "recordedScale": 3.4923299731047606,
        "recordedTranslatePCX": -0.9992248431157617,
        "recordedTranslatePCY": -1.590034665098103,
        "wwName": "cats",
        "targetLocalPosLeftPc": 0.46149863838656935,
        "targetLocalPosTopPc": 0.4511784227170731,
        "btnLocalTopPc": 0.8631324404761905,
        "btnLocalLeftPc": 0.42295606207104247,
        "calloutTopPc": 0.0333713560897346,
        "calloutLeftPc": 0.2637559942762825,
        "showBtn": true,
        "calloutWidth": 300.0,
        "calloutHeight": 85.0,
        "calloutDurationMs": 1500,
        "calloutColorValue": 4294940672,
        "calloutText": "brain",
        "fontFamily": "OpenSansExtraBold",
        "fontSize": 48.333333333333336,
        "fontWeight": 3,
        "italic": false,
        "letterSpacing": 1.0,
        "letterHeight": 1.0,
        "textColorValue": 4288423856,
        "textAlignment": "c",
        "arrowType": 0,
        "animateArrow": false
      },
      {
        "uid": 77,
        "recordedM4list": [
          3.348613197579199,
          0.0,
          0.0,
          0.0,
          -0.0,
          3.348613197579199,
          0.0,
          0.0,
          0.0,
          0.0,
          1.0,
          0.0,
          -1447.3461369111672,
          -567.6270435306551,
          0.0,
          1.0
        ],
        "recordedScale": 3.348613197579199,
        "recordedTranslatePCX": -1.3378483916272166,
        "recordedTranslatePCY": -1.2025996684971507,
        "wwName": "cats",
        "targetLocalPosLeftPc": 0.5656528073450298,
        "targetLocalPosTopPc": 0.4000785560017354,
        "btnLocalTopPc": 0.8604910714285714,
        "btnLocalLeftPc": 0.5418060200668896,
        "calloutTopPc": 0.024788249252096245,
        "calloutLeftPc": 0.43056771353454765,
        "showBtn": true,
        "calloutWidth": 298.8353271484375,
        "calloutHeight": 76.67544555664062,
        "calloutDurationMs": 1500,
        "calloutColorValue": 4288423856,
        "calloutText": "choo-choo",
        "fontFamily": "OpenSansExtraBold",
        "fontSize": 44.960513784865704,
        "fontWeight": 3,
        "italic": false,
        "letterSpacing": 1.0,