{
  "timestamp": 1687011313571,
  "targetMap": {},
  "imageTargetListMap": {
    "cats": [
      {
        "uid": 27,
        "transformScale": 3,
        "transformTranslateX": 0,
        "transformTranslateY": 0,
        "recordedM4list": [
          4.142043652356256,
          0,
          0,
          0,
          -0.0,
          4.142043652356256,
          0,
          0,
          0,
          0,
          1,
          0,
          -35.47196157971309,
          -718.8785292125566,
          0,
          1
        ],
        "recordedScale": 4.142043652356256,
        "recordedTranslatePCX": -0.03278836039080419,
        "recordedTranslatePCY": -1.5230477313825352,
        "wName": "cats",
        "targetLocalPosLeftPc": 0.08775691291054541,
        "targetLocalPosTopPc": 0.47933724004335776,
        "radius": 59.529327163122645,
        "btnLocalTopPc": 0.29820987173985,
        "btnLocalLeftPc": 0.056772622997889356,
        "calloutTopPc": 0.18584814107930636,
        "calloutLeftPc": 0.35652979532877604,
        "showBtn": true,
        "calloutWidth": 300,
        "calloutHeight": 85,
        "calloutDurationMs": 1500,
        "calloutColorValue": 4294961979,
        "usingText": true,
        "calloutImageUrl": null,
        "calloutText": "top cat",
        "fontFamily": "OpenSansExtraBold",
        "fontSize": 61.04166666666667,
        "fontWeightIndex": 3,
        "italic": false,
        "letterSpacing": 1,
        "letterHeight": 1,
        "textColorValue": 4288423856,
        "textAlignment": "c",
        "arrowType": 0,
        "animateArrow": false
      },
      {
        "uid": 26,
        "transformScale": 1,
        "transformTranslateX": 0,
        "transformTranslateY": 0,
        "recordedM4list": [
          2.667010834465815,
          0,
          0,
          0,
          -0.0,
          2.667010834465815,
          0,
          0,
          0,
          0,
          1,
          0,
          -180.3488419569766,
          -481.49963239811905,
          0,
          1
        ],
        "recordedScale": 2.667010834465815,
        "recordedTranslatePCX": -0.1667047031741109,
        "recordedTranslatePCY": -1.0201263398265235,
        "wName": "cats",
        "targetLocalPosLeftPc": 0.20740011084800136,
        "targetLocalPosTopPc": 0.5324099770142335,
        "radius": 65.55452963463345,
        "btnLocalTopPc": 0.3607233360713793,
        "btnLocalLeftPc": 0.18889365027847196,
        "calloutTopPc": 0.27709509624132056,
        "calloutLeftPc": 0.301507804395997,
        "showBtn": true,
        "calloutWidth": 181.85382080078125,
        "calloutHeight": 89.3740234375,
        "calloutDurationMs": 1500,
        "calloutColorValue": 4294940672,
        "usingText": true,
        "calloutImageUrl": null,
        "calloutText": "fancy\nfancy",
        "fontFamily": "OpenSansExtraBold",
        "fontSize": 25.2601355762466,
        "fontWeightIndex": 3,
        "italic": false,
        "letterSpacing": 1,
        "letterHeight": 1,
        "textColorValue": 4294967295,
        "textAlignment": "c",
        "arrowType": 1,
        "animateArrow": false
      },
      {
        "uid": 57,
        "transformScale": 1,
        "transformTranslateX": 0,
        "transformTranslateY": 0,
        "recordedM4list": [
          4.10991461621348,
          0,
          0,
          0,
          -0.0,
          4.10991461621348,
          0,
          0,
          0,
          0,
          1,
          0,
          -1108.0233176261672,
          -1000.7903921098781,
          0,
          1
        ],
        "recordedScale": 4.10991461621348,
        "recordedTranslatePCX": -1.0241967526407973,
        "recordedTranslatePCY": -2.1203186273514367,
        "wName": "cats",
        "targetLocalPosLeftPc": 0.3261898546340346,
        "targetLocalPosTopPc": 0.6626666936728604,
        "radius": 65.73634097450659,
        "btnLocalTopPc": 0.4735438348603528,
        "btnLocalLeftPc": 0.3177141453669622,
        "calloutTopPc": 0.25882859760942883,
        "calloutLeftPc": 0.2128219092808444,
        "showBtn": true,
        "calloutWidth": 300,
        "calloutHeight": 104,
        "calloutDurationMs": 1500,
        "calloutColorValue": 4279060385,
        "usingText": true,
        "calloutImageUrl": null,
        "calloutText": "benny",
        "fontFamily": "OpenSansExtraBold",
        "fontSize": 67.5,
        "fontWeightIndex": 3,
        "italic": false,
        "letterSpacing": 1,
        "letterHeight": 1,
        "textColorValue": 4294763756,
        "textAlignment": "c",
        "arrowType": 4,
        "animateArrow": false
      },
      {
        "uid": 88,
        "transformScale": 1.5806507580539646,
        "transformTranslateX": 0,
        "transformTranslateY": 0,
        "recordedM4list": [],
        "recordedScale": 1,
        "recordedTranslatePCX": 0,
        "recordedTranslatePCY": 0,
        "wName": "cats",
        "targetLocalPosLeftPc": 0.4458975045554285,
        "targetLocalPosTopPc": 0.5755728039351276,
        "radius": 59.990105879934205,
        "btnLocalTopPc": 0.3541403527801726,
        "btnLocalLeftPc": 0.44069339222510434,
        "calloutTopPc": 0.18689989856199632,
        "calloutLeftPc": 0.3867240881946441,
        "showBtn": true,
        "calloutWidth": 300,
        "calloutHeight": 78.11441040039062,
        "calloutDurationMs": 4000,
        "calloutColorValue": 4288423856,
        "usingText": true,
        "calloutImageUrl": null,
        "calloutText": "brain",
        "fontFamily": "OpenSansExtraBold",
        "fontSize": 33.26923076923077,
        "fontWeightIndex": 3,
        "italic": false,
        "letterSpacing": 1,
        "letterHeight": 1.5,
        "textColorValue": 4294940672,
        "textAlignment": "c",
        "arrowType": 1,
        "animateArrow": false
      },
      {
        "uid": 3,
        "transformScale": 2.7482334296299156,
        "transformTranslateX": 0,
        "transformTranslateY": 0,
        "recordedM4list": [],
        "recordedScale": 1,
        "recordedTranslatePCX": 0,
        "recordedTranslatePCY": 0,
        "wName": "cats",
        "targetLocalPosLeftPc": 0.8382700602213542,
        "targetLocalPosTopPc": 0.22151486333377043,
        "radius": 51.629310550546265,
        "btnLocalTopPc": 0.21757861359955585,
        "btnLocalLeftPc": 0.920472666422526,
        "calloutTopPc": 0.07303506533295163,
        "calloutLeftPc": 0.34002234495396105,
        "showBtn": true,
        "calloutWidth": 400,
        "calloutHeight": 110.63896179199219,
        "calloutDurationMs": 1500,
        "calloutColorValue": 4279060385,
        "usingText": true,
        "calloutImageUrl": null,
        "calloutText": "Officer\nDibble",
        "fontFamily": "OpenSansExtraBold",
        "fontSize": 41.746218896250085,
        "fontWeightIndex": 3,
        "italic": false,
        "letterSpacing": 1,
        "letterHeight": 1,
        "textColorValue": 4294961979,
        "textAlignment": "c",
        "arrowType": 1,
        "animateArrow": false
      },
      {
        "uid": 34,
        "transformScale": 3,
        "transformTranslateX": 0,
        "transformTranslateY": 0,
        "recordedM4list": [],
        "recordedScale": 1,
        "recordedTranslatePCX": 0,
        "recordedTranslatePCY": 0,
        "wName": "cats",
        "targetLocalPosLeftPc": 0.5554683430989583,
        "targetLocalPosTopPc": 0.4892207063876355,
        "radius": 30,
        "btnLocalTopPc": 0.2667877099784443,
        "btnLocalLeftPc": 0.5653627522786459,
        "calloutTopPc": 0.1929250407612822,
        "calloutLeftPc": 0.4209843953450521,
        "showBtn": true,
        "calloutWidth": 400,
        "calloutHeight": 85.7197265625,
        "calloutDurationMs": 2500,
        "calloutColorValue": 4294198070,
        "usingText": true,
        "calloutImageUrl": null,
        "calloutText": "choo choo",
        "fontFamily": "OpenSansExtraBold",